Model,Where (x2),Where (x4),Params (x2),Params (x4),FLOPS (x2),FLOPS (x4),Model size (x2),Model size (x4),lpips (x2),lpips (x4),psnr (x2),psnr (x4),ssim (x2),ssim (x4) ,acc all (x2),acc all (x4),cer all (x2),cer all (x4),acc brazil (x2),acc brazil (x4),cer brazil (x2),cer brazil (x4),acc china (x2),acc china (x4),cer china (x2),cer china (x4),acc vn (x2),acc vn (x4),cer vn (x2),cer vn (x4),Needed Model (x2),Needed Model (x4)
ECBSR,experiments_x2_x4\101_train_ECBSR_x2_m4c16_prelu,experiments_x2_x4\102_train_ECBSR_x4_m4c16_prelu,0.04M,0.05M,0.01G,0.01G,0.20MB,0.23MB,0.3468,0.3903,23.12,22.15,0.6365,0.5575,51.19,40.08,0.2236,0.3526,,,,,,,,,,,,,,
EDSR-M,experiments_x2_x4\201_EDSR_Mx2_LicensePlate_pretrained,experiments_x2_x4\203_EDSR_Mx4_LicensePlate_pretrained,1.37M,1.52M,1.58G,0.57G,10.50MB,11.63MB,0.1289,0.1968,28.78,25.53,0.8925,0.7824,71.91,47.62,0.0923,0.2402,,,,,,,,,,,,,,
EDSR-L,experiments_x2_x4\204_EDSR_Lx2_LicensePlate_pretrained,experiments_x2_x4\206_EDSR_Lx4_LicensePlate_pretrained,40.73M,43.09M,46.92G,14.47G,310.83MB,328.84MB,0.0825,0.1291,32.05,28.22,0.9353,0.8576,76.74,52.68,0.0751,0.2062,,,,,,,,,,,,,,
RFDN,experiments_x2_x4\701_RFDN_SRx2_LicensePlate,experiments_x2_x4\702_RFDN_SRx4_LicensePlate,0.42M,0.43M,0.46G,0.12G,3.26MB,3.38MB,0.2310,0.1898,24.82,25.47,0.7332,0.7840,,,,,,,,,,,,,,,,,,
IMDN,experiments_x2_x4\801_IMDN_SRx2_LicensePlate,experiments_x2_x4\802_IMDN_SRx4_LicensePlate,0.69M,0.72M,0.79G,0.20G,5.36MB,5.52MB,0.1138,0.1820,29.58,25.90,0.9057,0.7963,,,,,,,,,,,,,,,,,,
LPIMDN,experiments_x2_x4\806_LPIMDN_SRx2_LicensePlate,,,,,,,,0.1096,,29.71,,0.9086,,,,,,,,,,,,,,,,,,,
LatticeNet,experiments_x2_x4\901_LatticeNet_SRx2_LicensePlate,experiments_x2_x4\902_LatticeNet_SRx4_LicensePlate,0.76M,0.78M,0.85G,0.22G,5.92MB,6.08MB,0.1115,0.1735,29.80,26.20,0.9088,0.8073,,,,,,,,,,,,,,,,,,
RLFN,experiments_x2_x4\711_RLFN_SRx2_LicensePlate,experiments_x2_x4\712_RLFN_SRx4_LicensePlate,0.53M,0.54M,0.58G,0.15G,4.09MB,4.22MB,0.1393,0.2007,28.31,25.12,0.8802,0.7729,,,,,,,,,,,,,,,,,,
RLFN-S,experiments_x2_x4\713_RLFN_S_SRx2_LicensePlate,experiments_x2_x4\714_RLFN_S_SRx4_LicensePlate,0.45M,0.47M,0.49G,0.13G,3.54MB,3.66MB,0.1431,0.2019,28.08,25.02,0.8787,0.7682,,,,,,,,,,,,,,,,,,
RLFN-NTIRE,experiments_x2_x4\715_RLFN_NTIRE_SRx2_LicensePlate,experiments_x2_x4\716_RLFN_NTIRE_SRx4_LicensePlate,0.29M,0.30M,0.31G,0.08G,2.25MB,2.37MB,0.1673,0.2308,27.10,24.55,0.8487,0.7373,,,,,,,,,,,,,,,,,,
LAPAR-A,experiments_x2_x4\721_LAPAR_A_SRx2_LicensePlate,experiments_x2_x4\722_LAPAR_A_SRx4_LicensePlate,0.55M,0.66M,0.88G,0.49G,4.31MB,5.16MB,0.1449,0.2017,28.98,25.73,0.8891,0.7841,,,,,,,,,,,,,,,,,,
LAPAR-B,experiments_x2_x4\723_LAPAR_B_SRx2_LicensePlate,experiments_x2_x4\724_LAPAR_B_SRx4_LicensePlate,0.25M,0.31M,0.45G,0.29G,2.01MB,2.49MB,0.1655,0.2262,27.92,24.95,0.8666,0.7519,,,,,,,,,,,,,,,,,,
LAPAR-C,experiments_x2_x4\725_LAPAR_C_SRx2_LicensePlate,experiments_x2_x4\726_LAPAR_C_SRx4_LicensePlate,0.09M,0.12M,0.20G,0.15G,0.74MB,0.96MB,0.1980,0.2650,26.43,23.83,0.8244,0.6950,,,,,,,,,,,,,,,,,,
MADNet,experiments_x2_x4\904_MADNet_SRx2_LicensePlate,experiments_x2_x4\904_MADNet_SRx4_LicensePlate,0.50M,0.59M,0.58G,0.24G,3.91MB,4.56MB,0.1197,0.1859,29.15,25.60,0.8997,0.7869,,,,,,,,,,,,,,,,,,
AWSRN,experiments_x2_x4\903_AWSRN_SRx2_LicensePlate,experiments_x2_x4\903_AWSRN_SRx4_LicensePlate,1.40M,1.59M,1.60G,0.46G,10.77MB,12.22MB,0.0973,0.1556,30.72,26.92,0.9221,0.8290,,,,,,,,,,,,,,,,,,
AWSRN-M,experiments_x2_x4\903_AWSRN_M_SRx2_LicensePlate,experiments_x2_x4\903_AWSRN_M_SRx4_LicensePlate,1.06M,1.25M,1.22G,0.36G,8.20MB,9.66MB,0.1028,0.1644,30.23,26.51,0.9160,0.8190,,,,,,,,,,,,,,,,,,
AWSRN-SD,experiments_x2_x4\903_AWSRN_SD_SRx2_LicensePlate,experiments_x2_x4\903_AWSRN_SD_SRx4_LicensePlate,0.35M,0.44M,0.40G,0.13G,2.71MB,3.45MB,0.1382,0.1994,28.32,25.30,0.8811,0.7738,,,,,,,,,,,,,,,,,,
AWSRN-S,experiments_x2_x4\903_AWSRN_S_SRx2_LicensePlate,experiments_x2_x4\903_AWSRN_S_SRx4_LicensePlate,0.40M,0.59M,0.46G,0.17G,3.07MB,4.52MB,0.1708,0.2324,27.43,24.66,0.8508,0.7416,,,,,,,,,,,,,,,,,,
LPAWSRN-M,experiments_x2_x4\906_LPAWSRN-M_SRx2_LicensePlate,,,,,,,,0.1030,,30.18,,0.9162,,,,,,,,,,,,,,,,,,,
CARN-M,experiments_x2_x4\905_CARN_M_SRx2_LicensePlate,experiments_x2_x4\905_CARN_M_SRx4_LicensePlate,0.26M,0.29M,0.46G,0.16G,1.99MB,2.28MB,0.1547,0.2256,27.07,24.33,0.8559,0.7353,,,,,,,,,,,,,,,,,,
PAN,experiments_x2_x4\905_PAN_SRx2_LicensePlate,experiments_x2_x4\905_PAN_SRx4_LicensePlate,0.26M,0.27M,0.35G,0.14G,2.09MB,2.18MB,0.1397,0.2025,28.14,25.05,0.8799,0.7655,,,,,,,,,,,,,,,,,,
SPAN,experiments_x2_x4\905_SPAN_SRx2_LicensePlate,experiments_x2_x4\905_SPAN_SRx4_LicensePlate,2.22M,2.24M,1.91G,1.56G,17.08MB,17.20MB,0.1250,0.1810,28.96,26.05,0.8942,0.7994,,,,,,,,,,,,,,,,,,
ShuffleMixer,experiments_x2_x4\905_ShuffleMixer_SRx2_LicensePlate,experiments_x2_x4\905_ShuffleMixer_SRx4_LicensePlate,0.39M,0.41M,0.45G,0.14G,3.11MB,3.24MB,0.1214,0.1988,29.13,25.06,0.9007,0.7720,,,,,,,,,,,,,,,,,,
DDistill-SR,experiments_x2_x4\905_DDistill_SR_SRx2_LicensePlate,experiments_x2_x4\905_DDistill_SR_SRx4_LicensePlate,0.66M,0.68M,0.64G,0.16G,5.26MB,5.40MB,0.4903,0.4823,17.82,19.38,0.3978,0.3578,,,,,,,,,,,,,,,,,,
CFSR,experiments_x2_x4\905_CFSR_SRx2_LicensePlate,experiments_x2_x4\905_CFSR_SRx4_LicensePlate,0.33M,0.34M,0.36G,0.09G,2.75MB,2.87MB,0.1177,0.1920,29.33,25.42,0.9044,0.7797,,,,,,,,,,,,,,,,,,
TCSR-B,experiments_x2_x4\905_TCSR_B_SRx2_LicensePlate,experiments_x2_x4\905_TCSR_B_SRx4_LicensePlate,0.25M,0.27M,0.28G,0.07G,2.06MB,2.18MB,0.1276,0.1905,28.93,25.56,0.8958,0.7843,,,,,,,,,,,,,,,,,,
FALSR-B,experiments_x2_x4\905_FALSR_B_SRx2_LicensePlate,experiments_x2_x4\905_FALSR_B_SRx4_LicensePlate,0.25M,0.39M,0.29G,0.25G,1.92MB,3.05MB,0.1767,0.2282,26.31,24.35,0.8320,0.7308,,,,,,,,,,,,,,,,,,
FALSR-C,experiments_x2_x4\905_FALSR_C_SRx2_LicensePlate,experiments_x2_x4\905_FALSR_C_SRx4_LicensePlate,0.28M,0.43M,0.32G,0.26G,2.18MB,3.31MB,0.1563,0.2195,26.97,24.63,0.8517,0.7445,,,,,,,,,,,,,,,,,,
SMSR,experiments_x2_x4\905_SMSR_SRx2_LicensePlate,experiments_x2_x4\905_SMSR_SRx4_LicensePlate,0.99M,1.01M,1.76G,0.44G,7.60MB,7.76MB,0.1053,0.1655,30.27,26.56,0.9146,0.8167,,,,,,,,,,,,,,,,,,
RCAN,experiments_x2_x4\201_RCAN_x2_LicensePlate,experiments_x2_x4\202_RCAN_x4_LicensePlate,15.44M,15.59M,17.63G,4.58G,119.12MB,120.25MB,0.0917,0.1513,31.40,26.75,0.9301,0.8313,,,,,,,,,,,,,,,,,,
SwinIR,experiments_x2_x4\301_SwinIR_SRx2_LicensePlate,experiments_x2_x4\302_SwinIR_SRx4_LicensePlate,11.71M,11.86M,13.64G,3.59G,94.98MB,96.10MB,0.1017,0.1490,30.17,27.12,0.9208,0.8418,,,,,,,,,,,,,,,,,,
SwinIR-Light,experiments_x2_x4\921_SwinIR_Light_SRx2_LicensePlate,experiments_x2_x4\922_SwinIR_Light_SRx4_LicensePlate,0.88M,0.90M,1.05G,0.27G,10.48MB,10.63MB,0.1218,0.1873,28.81,25.64,0.9000,0.7912,,,,,,,,,,,,,,,,,,
OmniSR,experiments_x2_x4\911_OmniSR_SRx2_LicensePlate,experiments_x2_x4\912_OmniSR_SRx4_LicensePlate,0.78M,0.80M,0.90G,0.23G,6.20MB,6.35MB,0.1790,0.2081,25.29,23.17,0.8061,0.7474,,,,,,,,,,,,,,,,,,
ELAN-Light,experiments_x2_x4\931_ELAN_Light_SRx2_LicensePlate,experiments_x2_x4\932_ELAN_Light_SRx4_LicensePlate,0.58M,0.60M,1.74G,0.45G,5.01MB,5.16MB,0.5262,0.5010,20.29,21.15,0.3737,0.4295,,,,,,,,,,,,,,,,,,
DAT-Light,experiments_x2_x4\521_DAT_Light_SRx2_LicensePlate,experiments_x2_x4\522_DAT_Light_SRx4_LicensePlate,0.55M,0.57M,0.63G,0.16G,7.29MB,7.44MB,0.4916,0.4663,20.93,20.85,0.4037,0.4060,,,,,,,,,,,,,,,,,,
MSRGAN,experiments_x2_x4\005_MSRGAN_x2_LicensePlate,experiments_x2_x4\004_MSRGAN_x4_LicensePlate,1.37M,1.52M,1.71G,0.73G,10.50MB,11.63MB,0.1002,0.1416,28.17,24.87,0.8836,0.7742,,,,,,,,,,,,,,,,,experiments_x2_x4\002_MSRResNet_x2_LicensePlate,experiments_x2_x4\001_MSRResNet_x4_LicensePlate
ESRGAN,experiments_x2_x4\503_ESRGAN_SRx2_LicensePlate,experiments_x2_x4\504_ESRGAN_SRx4_LicensePlate,16.70M,16.70M,5.16G,5.16G,127.89MB,127.85MB,0.1007,0.1544,27.64,24.18,0.8795,0.7541,,,,,,,,,,,,,,,,,experiments_x2_x4\501_RRDBNet_PSNR_x2_LicensePlate,experiments_x2_x4\502_RRDBNet_PSNR_x4_LicensePlate
RealESRGAN,experiments_x2_x4\008_RealESRGANx2plus_LicensePlate,experiments_x2_x4\009_RealESRGANx4plus_LicensePlate,16.70M,16.70M,5.16G,5.16G,127.89MB,127.85MB,0.0792,0.1101,29.29,26.91,0.9097,0.8345,,,,,,,,,,,,,,,,,experiments_x2_x4\006_RealESRNetx2plus_LicensePlate,experiments_x2_x4\007_RealESRNetx4plus_LicensePlate
LDL,experiments_x2_x4\011_LDL_Real_x2_LicensePlate,experiments_x2_x4\010_LDL_Real_x4_LicensePlate,16.70M,16.70M,5.16G,5.16G,127.89MB,127.85MB,0.0793,0.1105,29.16,26.79,0.9096,0.8340,,,,,,,,,,,,,,,,,experiments_x2_x4\006_RealESRNetx2plus_LicensePlate,experiments_x2_x4\007_RealESRNetx4plus_LicensePlate
,,,,,,,,,,,,,,,,,,,,,,,,,,,,,,,,
