Model,Where (x1),Params,FLOPS,Model size,lpips,psnr,ssim,acc all,cer all,acc brazil,cer brazil,acc china,cer china,acc vn,cer vn,Needed Model
IMDN,experiments\801_IMDN_SRx1_LicensePlate,,,,,,,78.71,0.0601,,,,,,,
LPIMDN,experiments\806_LPIMDN_SRx1_LicensePlate,,,,,,,,,,,,,,,
ECBSR,experiments\101_train_ECBSR_x1_m4c16_prelu,,,,,,,,,,,,,,,
EDSR-M,experiments\201_EDSR_Mx1_LicensePlate_pretrained,,,,,,,,,,,,,,,
RCAN,experiments\201_RCAN_x1_LicensePlate,,,,,,,,,,,,,,,
RFDN,experiments\701_RFDN_SRx1_LicensePlate,,,,,,,,,,,,,,,
LatticeNet,experiments\901_LatticeNet_SRx1_LicensePlate,,,,,,,,,,,,,,,
RLFN,experiments\711_RLFN_SRx1_LicensePlate,,,,,,,,,,,,,,,
RLFN-S,experiments\713_RLFN_S_SRx1_LicensePlate,,,,,,,,,,,,,,,
RLFN-NTIRE,experiments\715_RLFN_NTIRE_SRx1_LicensePlate,,,,,,,,,,,,,,,
LAPAR-A,experiments\721_LAPAR_A_SRx1_LicensePlate,,,,,,,,,,,,,,,
LAPAR-B,experiments\723_LAPAR_B_SRx1_LicensePlate,,,,,,,,,,,,,,,
LAPAR-C,experiments\725_LAPAR_C_SRx1_LicensePlate,,,,,,,,,,,,,,,
MADNet,experiments\904_MADNet_SRx1_LicensePlate,,,,,,,,,,,,,,,
AWSRN,experiments\903_AWSRN_SRx1_LicensePlate,,,,,,,,,,,,,,,
AWSRN-M,experiments\903_AWSRN_M_SRx1_LicensePlate,,,,,,,,,,,,,,,
AWSRN-SD,experiments\903_AWSRN_SD_SRx1_LicensePlate,,,,,,,,,,,,,,,
AWSRN-S,experiments\903_AWSRN_S_SRx1_LicensePlate,,,,,,,,,,,,,,,
LPAWSRN-M,experiments\906_LPAWSRN-M_SRx1_LicensePlate,,,,,,,,,,,,,,,
CARN-M,experiments\905_CARN_M_SRx1_LicensePlate,,,,,,,,,,,,,,,
PAN,experiments\905_PAN_SRx1_LicensePlate,,,,,,,,,,,,,,,
SPAN,experiments\905_SPAN_SRx1_LicensePlate,,,,,,,,,,,,,,,
ShuffleMixer,experiments\905_ShuffleMixer_SRx1_LicensePlate,,,,,,,,,,,,,,,
DDistill-SR,experiments\905_DDistill_SR_SRx1_LicensePlate,,,,,,,,,,,,,,,
CFSR,experiments\905_CFSR_SRx1_LicensePlate,,,,,,,,,,,,,,,
TCSR-B,experiments\905_TCSR_B_SRx1_LicensePlate,,,,,,,,,,,,,,,
FALSR-B,experiments\905_FALSR_B_SRx1_LicensePlate,,,,,,,,,,,,,,,
FALSR-C,experiments\905_FALSR_C_SRx1_LicensePlate,,,,,,,,,,,,,,,
SMSR,experiments\905_SMSR_SRx1_LicensePlate,,,,,,,,,,,,,,,
SwinIR,experiments\301_SwinIR_SRx1_LicensePlate,,,,,,,,,,,,,,,
SwinIR-Light,experiments\921_SwinIR_Light_SRx1_LicensePlate,,,,,,,,,,,,,,,
OmniSR,experiments\911_OmniSR_SRx1_LicensePlate,,,,,,,,,,,,,,,
ELAN-Light,experiments\931_ELAN_Light_SRx1_LicensePlate,,,,,,,,,,,,,,,
DAT-Light,experiments\521_DAT_Light_SRx1_LicensePlate,,,,,,,,,,,,,,,
MSRGAN,experiments\005_MSRGAN_x1_LicensePlate,,,,,,,,,,,,,,,experiments\002_MSRResNet_x1_LicensePlate
ESRGAN,experiments\503_ESRGAN_SRx1_LicensePlate,,,,,,,,,,,,,,,experiments\501_RRDBNet_PSNR_x1_LicensePlate
RealESRGAN,experiments\008_RealESRGANx1plus_LicensePlate,,,,,,,,,,,,,,,experiments\006_RealESRNetx1plus_LicensePlate
LDL,experiments\011_LDL_Real_x1_LicensePlate,,,,,,,,,,,,,,,experiments\006_RealESRNetx1plus_LicensePlate
EDSR-L,experiments\204_EDSR_Lx1_LicensePlate_pretrained,,,,,,,,,,,,,,,
,,,,,,,,,,,,,,,
